Path,Sample,ReferenceGenome,ProviderName,Clade
/orcd/nese/tami/001/raw_data/2019/SN0182042_HiSeqX/3/split/,5PA1F_11JBS18,sepi_clade_37,N918S989,37
/orcd/nese/tami/001/raw_data/2019/SN0182042_HiSeqX/3/split/,5PA1N_11JBS34,sepi_clade_37,N934S989,37
/orcd/nese/tami/001/raw_data/2019/SN0182042_HiSeqX/3/split/,5PA1C_11JBS65,sepi_clade_37,N965S989,37
/orcd/nese/tami/001/raw_data/2019/SN0182042_HiSeqX/3/split/,5PA1C_11JBS76,sepi_clade_37,N976S989,37
/orcd/nese/tami/001/raw_data/2019/SN0182042_HiSeqX/3/split/,5PA1C_11JBS78,sepi_clade_37,N978S989,37
/orcd/nese/tami/001/raw_data/2019/SN0182042_HiSeqX/3/split/,5PA1C_11JBS80,sepi_clade_37,N980S989,37
/orcd/nese/tami/001/raw_data/2019/SN0182042_HiSeqX/3/split/,5PA1C_11JBS81,sepi_clade_37,N981S989,37
/orcd/nese/tami/001/raw_data/2019/SN0182042_HiSeqX/3/split/,5PA1C_11JBS82,sepi_clade_37,N982S989,37
/orcd/nese/tami/001/raw_data/2019/SN0182042_HiSeqX/3/split/,5PA1C_11JBS86,sepi_clade_37,N986S989,37
/orcd/nese/tami/001/raw_data/2019/SN0182042_HiSeqX/3/split/,5PA1C_11JBS88,sepi_clade_37,N988S989,37
/orcd/nese/tami/001/raw_data/2019/SN0182042_HiSeqX/3/split/,5PA1C_11JBS89,sepi_clade_37,N989S989,37
/orcd/nese/tami/001/raw_data/2019/SN0182042_HiSeqX/3/split/,5PA1C_11JBS90,sepi_clade_37,N990S989,37
/orcd/nese/tami/001/raw_data/2019/SN0182042_HiSeqX/5/split/,5PB3N_22YC31,sepi_clade_37,N931S948,37
/orcd/nese/tami/001/raw_data/2019/SN0182042_HiSeqX/5/split/,5PB3N_22YC36,sepi_clade_37,N936S948,37
/orcd/nese/tami/001/raw_data/2019/SN0182042_HiSeqX/5/split/,5PB3N_22YC41,sepi_clade_37,N941S948,37
/orcd/nese/tami/001/raw_data/2023/230525Lie/bbmap_chris/,sepi3130,sepi_clade_37,GGACTCCTAT+AACCGTGAGT_,37
/orcd/nese/tami/001/raw_data/2023/230525Lie/bbmap_chris/,sepi3131,sepi_clade_37,TAGGCATGAT+AACCGTGAGT_,37
/orcd/nese/tami/001/raw_data/2023/230525Lie/bbmap_chris/,sepi3132,sepi_clade_37,CTCTCTACAT+AACCGTGAGT_,37
/orcd/nese/tami/001/raw_data/2023/230525Lie/bbmap_chris/,sepi3133,sepi_clade_37,CAGAGAGGAT+AACCGTGAGT_,37
/orcd/nese/tami/001/raw_data/2023/230525Lie/bbmap_chris/,sepi3134,sepi_clade_37,GCTACGCTAT+AACCGTGAGT_,37
/orcd/nese/tami/001/raw_data/2023/230525Lie/bbmap_chris/,sepi3135,sepi_clade_37,CGAGGCTGAT+AACCGTGAGT_,37
/orcd/nese/tami/001/raw_data/2023/230525Lie/bbmap_chris/,sepi3136,sepi_clade_37,AAGAGGCAAT+AACCGTGAGT_,37
/orcd/nese/tami/001/raw_data/2023/230525Lie/bbmap_chris/,sepi3137,sepi_clade_37,GTAGAGGAAT+AACCGTGAGT_,37
